sequence,label
AAVALLPAVLLALLAK,2.207688213
AAVALLPAVLLALLAP,2.12027772
AAVALLPAVLLALLAPRRRRRR,2.033061693
AGYLLGKINLKALAALAKKIL,2.414689293
AIIYRDLIS,0.515873844
AIPNNQLGFPFK,0.71432976
ALWKTLLKKVLKA,1.870579461
ALWKTLLKKVLKAPKKKRKV,2.157970244
APWHLSSQYSRT,0.674861141
AQIKIWFQNRRMKWKK,2.146809963
ARAAARQARA,0.201397124
ASMWERVKSIIKSSLAAASNI,1.434089638
AVPAENALNNPF,1.197280558
AYRIKPTFRRLKWKYKGKFW,2.223651667
CGAYDLRRRERQSRLRRRERQSR,1.695131298
CGNKRTRGC,1.076276255
CIISRDLISH,1.112269768
CRQIKIWFPNRRMKWKKC,1.946353997
CRQIKIWFQNRRMKWKK,2.027553454
CSIPPEVKFNPFVYLI,1.926136571
CVKRGLKLRHVRPRVTRDV,1.931762888
CVQWSLLRGYQPC,1.722222464
CWKKK,1.449324093
CWKKKKKKKK,1.966517176
CWKKKKKKKKKKKKK,2.204879334
CWKKKKKKKKKKKKKKKKKK,2.621113938
DFNKFHTFPQTAIGVGAP,1.035029282
DPATNPGPHFPR,0.612783857
DPVDTPNPTRRKPGK,0.954724791
DRDDRDDRDDRDDRDDR,0.311753861
DRDRDRDRDR,-1.301029996
DRRRRGSRPSGAERRRR,1.130333768
DRRRRGSRPSGAERRRRRAAAA,1.137037455
DSLKSYWYLQKFSWR,1.829303773
DTWAGVEAIIRILQQLLFIHFR,1.882410684
EEEAA,0.485721426
EEEAAKKK,1.065579715
ELPVM,0.741151599
EPDNWSLDFPRR,0.474216264
ERERERERERERER,0.318063335
FAPWDTASFMLG,0.527629901
FDPFFWKYSPRD,1.78490245
FIIFRIAASHKK,2.433961745
FIRIGC,1.90810954
FITKALGISYGRKKRR,1.780677274
FITKALGISYGRKKRRQRRRPPQ,2.081203239
FKKFRKF,1.113943352
FLGKKFKKYFLQLLK,2.463788507
FLIFIRVICIVIAKLKANLMCKT,1.496237545
FQNRRMKWKK,1.424391554
FQPYDHPAEVSY,1.004321374
FTYKNFFWLPEL,1.701395269
FVTRGCPRRLVARLIRVMVPRR,2.196203829
GALFLGWLGAAGSTMGA,0.930439595
GAYDLRRRERQSRLRRRERQSR,1.488550717
GEQIAQLIAGYIDIILKKKKSK,2.291235611
GKHRHERGHHRDRRER,1.024485668
GKINLKALAALAKKIL,2.073754998
GKKKKKKKKK,0.967547976
GKKKKRKREKL,0.488550717
GKKKRKLSNRESAKRSR,0.884795364
GKKTNLFSALIKKKKTA,1.228913406
GKRARNTEAARRSRARKL,1.371067862
GKRKKKGKLGKKRDP,0.938019097
GKRKKKGKLGKKRPRSR,1.728759475
GKRRRRATAKYRSAH,1.377488383
GKRVAKRKLIEQNRERRR,1.42357352
GLFEALLELLESLWELLLEA,1.94948759
GLFKALLKLLKSLWKLLLKA,2.514095958
GLFRALLRLLRSLWRLLLRA,1.942603249
GLGSLLKKAGKKLKQPKSKRKV,1.607133204
GLRKRLRKFRNKIKEK,1.642266619
GLWRALWRALRSLWKLKRKV,2.585054446
GLWRALWRALWRSLWKKKRKV,2.466941726
GLWRALWRALWRSLWKLKRKV,2.434712581
GLWRALWRALWRSLWKLKWKV,2.313044233
GLWRALWRALWRSLWKSKRKV,2.430768212
GLWRALWRGLRSLWKKKRKV,2.574228103
GLWRALWRGLRSLWKLKRKV,2.541154726
GLWRALWRLLRSLWRLLWKA,1.686636269
GLWRALWRLLRSLWRLLWRA,1.457276186
GLWWRLWWRLRSWFRLWFRA,1.365487985
GPFHFYQFLFPPV,1.589167391
GRKGKHKRKKLP,1.140508043
GRKKRRQRRPPQC,2.009663317
GRKKRRQRRR,1.466719372
GRKKRRQRRRC,2.042299807
GRKKRRQRRRPP,1.450095076
GRKKRRQRRRPPQ,1.46834733
GRKKRRQRRRPPQC,2.233097688
GRKKRRQRRRPWQ,1.932169246
GRKLKKKKNEKEDKRPRT,1.232233521
GRKRKKRT,1.048053173
GRPRESGKKRKRKRLKP,1.482873584
GRQLRIAGKRLEGRSK,0.662757832
GRQLRIAGKRLRGRSK,1.415474168
GRQLRIAGRRLRGRSR,1.197556213
GRQLRIAGRRLRRRSR,1.438700533
GRQLRRAGRRLRGRSR,1.34869419
GRQLRRAGRRLRRRSR,1.53869938
GRRERNKMAAAKCRNRRR,1.937568039
GRRHHCRSKAKRSRHH,1.886039276
GRRRRATAKYRTAH,1.545430829
GRRRRKRLSHRT,1.317227349
GRRRRRERNK,0.887054378
GRRRRRRRRRPPQ,1.907411361
GSPWGLQHHPPRT,0.247973266
GSRHPSLIIPRQ,0.7930916
GYGNCRHFKQKPRRD,1.836577275
GYGRKKRRQRRRG,1.892428547
HARIKPTFRRLKWKYKGKFW,2.016573746
HFAAWGGWSLVH,1.10002573
HIQLSPFSQSWR,1.298853076
HPGSPFPPEHRP,0.547774705
HQHKPPPLTNNW,0.824776462
HRHIRRQSLIML,1.39497672
HYRIKPTARRLKWKYKGKFW,1.903415586
HYRIKPTFRRLAWKYKGKFW,2.089693209
HYRIKPTFRRLKWKYKGKFA,1.952840857
IAWVKAFIRKLRKGPLG,2.201560978
IGCRH,0.977723605
IIYRDLISH,0.914871818
IKIWFQNRRMKWKK,2.273186532
IPALK,0.631443769
IPMIK,0.633468456
IPMLK,1.181843588
IPSRWKDQFWKRWHY,2.064532861
IWFQNRRMKWKK,1.847942639
IYRDLISH,1.062957834
KALAALLKKLAKLLAALK,2.340662199
KALAALLKKWAKLLAALK,2.431283332
KALAKALAKLWKALAKAA,2.5385486
KALKKLLAKWLAAAKALL,2.460702441
KALKLKLALALLAKLKLA,2.475147977
KCFMWQEMLNKAGVPKLRCARK,1.914660431
KCFQWQRNMRKVRGPPVSC,1.844477176
KCFQWQRNMRKVRGPPVSCIKR,1.962321973
KCPSRRPKR,1.51401618
KERKKRRR,1.277150614
KETWFETWFTEWSQPKKKRKV,1.718086295
KETWWETWWTEWSQPKKKRKV,1.980276141
KFHTFPQTAIGVGAP,0.592176757
KGEGAAVLLPVLLAAPG,0.764176132
KGKKIFIMK,1.748265573
KIWFQNRRMKWKK,1.712481338
KKICTRKPRFMSAWAQ,1.95371138
KKKKKKKKKKKKKKKKKKK,2.80072395
KKPGKKTTTKPTKK,1.213517757
KKPGKKTTTKPTKKPTIKTTKK,1.079181246
KKPTIKTTKK,0.523746467
KKTTTKPTKK,0.348304863
KKWKMRRNQFWIKIQR,1.914554699
KLAAALLKKWKKLAAALL,2.526197074
KLALKLALKALKAALK,2.679791171
KLALKLALKALKAALKLA,2.643857172
KLALKLALKALKAALKLAGC,2.32261205
KLALKLALKALQAALQLA,2.439616866
KLALKLALKAWKAALKLA,2.490436081
KLALQLALQALQAALQLA,1.888965344
KLGVM,1.137037455
KLIKGRTPIKFGK,0.804820679
KLPCRSNTFLNIFRRKKPG,2.167937313
KLPVM,0.240549248
KLPVT,0.978636948
KLTRAQRRAAARKNKRNTRGC,2.032135047
KLWMRWYSATTRRYG,2.100473936
KLWMRWYSPTTRRYG,2.010639117
KLWMRWYSPWTRRYG,2.077585906
KLWSAWPSLWSSLWKP,2.016448318
KMTRAQRRAAARRNRWTARGC,1.997517439
KNAWKHSSCHHRHQI,1.408918021
KPRSKNPPKKPK,1.218797998
KRIHPRLTRSIR,0.933487288
KRIIQRILSRNS,1.187802639
KRIPNKKPGKK,-0.408935393
KRIPNKKPGKKT,0.824125834
KRIPNKKPGKKTTTKPTKK,1.021189299
KRIPNKKPGKKTTTKPTKKPTIK,1.294245716
KRIPNKKPKK,1.482873584
KRPAAIKKAGQAKKKK,1.15715444
KRVSRNKSEKKRR,1.26927939
KSICKTIPSNKPKKK,1.313656347
KTIEAHPPYYAS,0.794488047
KTIPSNKPKKK,0.522444234
KTVLLRKLLKLLVRKI,2.932250472
KWFETWFTEWPKKRK,1.827433895
LDITPFLSLTLP,1.654850091
LGISYGRKKRRQRRRPPQ,1.842921121
LGLLLRHLRHHSNLLANI,2.266443381
LGTYTQDFNKFHTFPQTAIGVGAP,1.182414652
LIIFAIAASHKK,2.141857223
LIIFAILISHKK,1.517459827
LIIFRIAASHKK,2.313930463
LIIFRILISH,1.691523522
LIIFRILISHHH,1.994361152
LIIFRILISHK,2.138081546
LIIFRILISHKK,2.182585825
LIIFRILISHR,1.710117365
LIIFRILISHRR,2.080446095
LIRLWSHLIHIWFQNRRLKWKKK,2.629001619
LKTLATALTKLAKTLTTL,2.340305277
LLIILARRIRKQAHAHSK,2.212240889
LLIILRARIRKQAHAHSK,2.3232521
LLIILRRAIRKQAHAHSK,2.321287665
LLIILRRRIARKQAHAHSK,2.360612345
LLIILRRRIRAQAHAHSK,2.318835192
LLIILRRRIRKAAHAHSK,2.400347998
LLIILRRRIRKQAHAASK,2.365319476
LLIILRRRIRKQAHAHAK,2.364307047
LLIILRRRIRKQAHAHSA,2.389591307
LLIILRRRIRKQAHAHSK,2.353570042
LLKKRKVVRLIKFLLK,2.638788667
LLKTTALLKTTALLKTTA,1.726808683
LLKTTELLKTTELLKTTE,1.271609301
LNSAGYLLGKINLKALAALAKKIL,2.625446218
LNVPPSWFLSQR,1.179838928
LPHPVLHMGPLR,1.219846386
LRRERQSRLRRERQSR,1.780605306
LTMPSDLQPVLW,1.010299957
LTRNYEAWVPTP,0.902002891
MAIYRDLIS,0.465382851
MDAQTRRRERRAEKQAQQWKAAN,1.155943018
MGLGLHLLVLAAALQGA,1.502973059
MGLGLHLLVLAAALQGAKKKRKV,2.473720477
MHKRPTTPSRKM,0.797959644
MIAYRDLIS,0.894869657
MIIARDLIS,0.866877814
MIIFAIAASHKK,1.97391257
MIIFKIAASHKK,1.972573081
MIIFRAAASHKK,1.825620825
MIIFRALISHKK,2.291657396
MIIFRDLISH,1.033825694
MIIFRIAASHKK,2.080482179
MIIFRIAATHKK,2.298831252
MIIFRIAAYHKK,2.243583676
MIIFRILISHKK,2.153387979
MIIRRDLISE,0.495544338
MIISRDLISH,0.376576957
MIIYADLIS,1.230193379
MIIYARRAEE,1.120902818
MIIYRAEISH,1.208172527
MIIYRALIS,1.587710965
MIIYRALISHKK,1.913760886
MIIYRD,1.071882007
MIIYRDAIS,1.415474168
MIIYRDKKSH,0.770115295
MIIYRDL,1.145817714
MIIYRDLAS,0.941014244
MIIYRDLI,1.441066407
MIIYRDLIA,1.117933835
MIIYRDLIS,0.85672889
MIIYRDLISH,0.866877814
MIIYRDLISKK,1.289142836
MIIYRIAASHKK,1.686278678
MLLLTRRRST,1.481012421
MTPSSLSTLPWP,0.725911632
MVRRFLVTLRIRRACGPPRVRV,1.641672373
MVTVLFRRLRIRRACGPPRVRV,1.890588668
NAKTRRHERRRKLAIERGC,1.672190251
NIENSTLATPLS,0.195899652
NKRILIRIMTRP,1.916348652
NRARRNRRRVR,1.188365926
NRRMKWKK,1.15624619
NSGTMQSASRAT,0.567026366
NYTTYKSHFQDR,0.859738566
PARAARRAARR,0.80140371
PFVYLI,1.436003536
PIRRRKKLRRLK,1.540704783
PKKKRKV,1.178401342
PKKKRKVALWKTLLKKVLKA,2.591965668
PLSSIFSRIGDP,0.781036939
PMLKE,1.123198075
PNTRVRPDVSF,0.478566496
PPHNRIQRRLNM,0.45484486
PPKKSAQCLRYKKPE,1.196728723
PPRLRKRRQLNM,1.097951071
PQNRLQIRRHSK,1.230193379
PRPLPFPRPG,0.477121255
PSKRLLHNNLRR,0.918030337
PSSSSSSRIGDP,1.203848464
QAASRVENYMHR,0.025305865
QIISRDLISH,0.103803721
QIKIWFQNRRMKWKK,2.271748699
QLALQLALQALQAALQLA,1.997866726
QLPVM,1.015359755
QNRRMKWKK,1.225050696
QPIIITSPYLPS,0.531478917
QQHLLIAINGYPRYN,1.393926007
QRIRKSKISRTL,1.079904468
QSPTDFTFPNPL,0.95230801
QTRRRERRAEKQAQW,1.114277297
RAGLQFPVGRVHRLLRK,1.160168293
RAIKIWFQNRRMKWKK,1.930490565
RAWMRWYSPTTRRYG,1.461048092
RHIKIWFQNRRMKWKK,2.156306799
RIFIGC,1.703033305
RIFIHFRIGC,1.689930104
RIFIRIGC,1.421768401
RILQQLLFIHF,1.542078146
RILQQLLFIHFRIGC,1.88155583
RILQQLLFIHFRIGCRH,1.943296615
RILQQLLFIHFRIGCRHSRI,1.976258249
RIRMIQNLIKKT,1.345765693
RKKRRARRR,1.651374944
RKKRRQRR,1.41447195
RKKRRQRRR,1.860158261
RKKRRRESRKKRRRES,1.823474229
RKKRRRESRKKRRRESC,2.033584576
RKKRRRESRRARRSPRHL,1.836956737
RLAMRWYSPTTRRYG,1.825231323
RLFMRFYSPTTRRYG,1.968576335
RLIMRIYSPTTRRYG,1.974189191
RLSGMNEVLSFRWL,1.476686743
RLVMRVYSPTTRRYG,2.150265087
RLWARWYSPTTRRYG,1.814180981
RLWMRWASPTTRRYG,1.921426341
RLWMRWYAPTTRRYG,1.993083361
RLWMRWYSPATRRYG,2.031085148
RLWMRWYSPTARRYG,1.949292401
RLWMRWYSPTTRRAG,2.229502662
RLWMRWYSPTTRRYA,2.171697207
RLWMRWYSPTTRRYG,2.018742096
RLWMRWYSPWTRRYG,1.532244644
RLWRALPRVLRRLLRP,2.278296208
RLYMRYYSPTTRRYG,1.930847192
RNRSRHRR,0.81756537
RQAKIWFQNRRMKWKK,1.901294817
RQARRNRRRALWKTLLKKVLKA,2.654147652
RQARRNRRRC,1.836324116
RQIAIWFQNRRMKWKK,2.183753706
RQIKAWFQNRRMKWKK,1.787814567
RQIKIAFQNRRMKWKK,2.088844563
RQIKIFFQNRRMKFKK,2.323561463
RQIKIFFQNRRMKWKK,2.378597739
RQIKIWAQNRRMKWKK,1.883547879
RQIKIWFANRRMKWKK,2.220448065
RQIKIWFPNRRMKWKK,2.144325078
RQIKIWFQARRMKWKK,2.259139758
RQIKIWFQNARMKWKK,2.014394516
RQIKIWFQNMRRKWKK,2.290635526
RQIKIWFQNRAMKWKK,2.068631064
RQIKIWFQNRRAKWKK,2.198712057
RQIKIWFQNRRMK,1.820923588
RQIKIWFQNRRMKAKK,2.089834489
RQIKIWFQNRRMKW,2.090046322
RQIKIWFQNRRMKWK,2.388403184
RQIKIWFQNRRMKWKK,2.254644737
RQIRIWFQNRRMRWRR,2.017492446
RQLRIAGRRLRGRSR,1.401400541
RQPKIWFPNRRKPWKK,1.792671789
RQRSRRRPLNIR,1.067814511
RRHHCRSKAKRSR,1.990827051
RRIPNRRPRR,1.290924559
RRIRPRPPRLPRPRP,1.476686743
RRMKWKK,1.669874502
RRQRRTSKLMKR,1.122215878
RRRERRAEK,1.003891166
RRRQRRKKR,1.617210095
RRRQRRKKRGY,1.847634344
RRRRNRTRRNRRRVRGC,1.864926192
RRRRR,0.866877814
RRRRRR,1.190611798
RRRRRRR,1.615950052
RRRRRRRR,1.981456167
RRRRRRRRR,1.669037801
RRRRRRRRRRR,1.41564098
RRRRRRRW,1.866936818
RRVTSWLGRQLRIAGKRLEGRSK,2.164352856
RRWRRWWRRWWRRWRR,1.734159513
RTLVNEYKNTLKFSK,0.993876915
RTRRNRRRVR,1.356408327
RVIRVWFQNKRCKDKK,2.074779882
RVIRWFQNKRCKDKK,2.129947557
RVIRWFQNKRSKDKK,1.851013607
RVREWWYTITLKQES,1.671543085
RVRSWLGRQLRIAGKRLEGRSK,1.856668484
RVRVFVVHIPRLT,2.439237928
RVTSWLGRQLRIAGKRLEGRSK,1.891481704
SAETVESCLAKSH,1.646599752
SARHHCRSKAKRSRHH,1.663418212
SATGAPWKMWVR,1.06595298
SFHQFARATLAS,1.229937686
SHAFTWPTYLQL,1.020361283
SHNWLPLWPLRP,1.748032894
SLGWMLPFSPPF,0.959518377
SMLKRNHSTSNR,0.955206538
SNPWDSLLSVST,0.371067862
SPMQKTMNLPPM,1.202760687
SQMTRQARRLYV,0.989449818
SRAHHCRSKAKRSRHH,1.665674781
SRRAHCRSKAKRSRHH,1.762153192
SRRARRSPRESGKKRKRKR,1.721563318
SRRARRSPRHLGSG,0.783188691
SRRHACRSKAKRSRHH,1.847017098
SRRHHARSKAKRSRHH,1.05422991
SRRHHCRAKAKRSRHH,1.840545188
SRRHHCRSAAKRSRHH,1.704407927
SRRHHCRSKAARSRHH,1.739414103
SRRHHCRSKAKASRHH,1.677698181
SRRHHCRSKAKRARHH,1.788663213
SRRHHCRSKAKRSAHH,1.693814854
SRRKRQRSNMRI,0.980911938
SSSIFPPWLSFF,1.558228422
SWAQHLSLPPVL,1.102090526
SWLPYPWHVPSS,0.641474111
SWWTPWHVHSES,0.702430536
SYIQRTPSTTLP,1.51295108
TAKTRYKARRAELIAERR,1.338655666
TFPQTAIGVGAP,0.810232518
TKRRITPKDVIDVRSVTTEINT,0.531478917
TKRRITPKDVIDVRSVTTKINT,0.773786445
TKRRITPKKVIDVRSVTTEINT,1.039017322
TLPSPLALLTVH,1.2757719
TPKTMTQTYDFS,0.017033339
TRNKRNRIQEQLNRK,0.562292864
TRQARRNRRRRWRERQR,2.092860943
TRRQRTRRARRNRGC,2.061904634
TRRSKRRSHRKF,1.471878199
TSHTDAPPARSP,0.178976947
TSPLNIHNGQKL,0.78604121
VKLPPPVKLPPPVKLPPP,1.424718337
VKRKKKPALWKTLLKKVLKA,2.966338881
VLGQSGYLMPMR,1.058426024
VPALK,0.645422269
VPALR,0.541579244
VPMIK,1.308991029
VPMLK,0.311753861
VPTLE,0.281033367
VPTLK,0
VPTLQ,0.695481676
VRLPPPVRLPPPVRLPPP,1.222716471
VRRFLVTLRIRRA,2.243062865
VSALK,0.139879086
VSGKK,0.555094449
VSKQPYYMWNGN,0.841984805
VSLKK,0.1430148
WFQNRRMKWKK,1.690018781
WIIFKIAASHKK,2.136783963
WIIFRAAASHKK,1.960756091
WIIFRALISHKK,2.268086304
WIIFRIAASHKK,2.25022477
WIIFRIAATHKK,2.436242181
WIIFRIAAYHKK,2.275909969
WKCRRQCFRVLHHWN,1.979366242
WLRRIKAWLRRIKALNRQLGVAA,3.004931537
WRFKAAVALLPAVLLALLAP,1.710625015
WRFKKSKRKV,1.618675539
WRFKWRFK,1.953856298
WRFKWRFKWRFK,2.188816031
WRWRWRWRWRWRWR,1.754348336
YARAAARQARA,0.796574333
YARAARRAARR,1.585573519
YAREARRAARR,1.064457989
YARKARRAARR,1.524655712
YEREARRAARR,1.053462605
YGRAARRAARR,1.174931594
YGRKKKRRQRRR,1.899054068
YGRKKRRQRRR,1.705264862
YGRRARRAARR,1.532627001
YGRRARRRARR,1.681783766
YGRRARRRRRR,1.816638945
YGRRRRRRRRR,1.762528522
YIVLRRRRKRVNTKRS,2.289522064
YKRAARRAARR,1.416474079
YKRKARRAARR,1.523746467
YPRAARRAARR,1.309630167
YPYDANHTRSPT,0.882524538
YRFK,0.260071388
YRFKYRFKYRLFK,2.221701064
YRRAARRAARA,1.482158695
YRRRRRRRRRR,1.662285516
YSHIATLPFTPT,0.706717782
YTAIAWVKAFIRKLRK,2.603479982
YTQDFNKFHTFPQTAIGVGAP,1.012415375
